MUNICIPIO;DIA_1704;DIA_2004;DIA_2204;DIA_2404;DIA_2704;DIA_2904;DIA_0605;DIA_1305;DIA_2005
Yecla;16;20;20;23;22;23;19;9;4
Jumilla;5;7;16;15;11;14;10;8;5
Cieza;19;22;27;27;20;17;15;11;6
Abanilla;19;20;41;41;35;15;13;12;0
Fortuna;0;0;8;8;6;5;5;6;
Abarán;0;0;5;7;6;0;0;0;
Calasparra;8;8;13;13;10;10;8;7;
Moratalla;0;0;0;0;0;0;0;0;
Blanca;0;0;0;0;0;0;0;0;
Ulea;0;0;0;0;0;0;0;0;
Ricote;0;0;0;0;0;0;0;0;
Ojós;0;0;0;0;0;0;0;0;
Villanueva del Río Segura;0;0;0;0;0;0;0;0;
Lorquí;5;0;0;0;0;0;0;0;
Ceutí;0;0;5;5;0;0;0;0;
Alguazas;6;6;6;7;6;0;0;0;
Molina de Segura;29;37;51;52;35;28;15;12;
Santomera;7;8;63;32;32;26;24;23;
Beniel;0;0;0;0;0;0;0;0;
Las Torres de Cotillas;6;6;10;10;7;0;0;0;
Campos del Río;0;0;0;0;0;0;0;0;
Albudeite;0;0;0;0;0;0;0;0;
Bullas;6;6;0;0;0;0;0;0;
Cehegín;7;7;6;6;0;0;0;0;
Caravaca de la Cruz;11;11;0;0;0;0;0;0;
Mula;9;9;0;0;0;0;0;0;
Murcia;247;277;303;302;224;203;174;133;
Pliego;0;0;0;0;0;0;0;0;
Alhama de Murcia;7;7;0;0;0;0;0;0;
Librilla;0;0;0;0;0;0;0;0;
Totana;5;6;9;9;7;6;5;0;
Aledo;0;0;0;0;0;0;0;0;
Lorca;15;16;16;19;20;21;14;11;
Puerto Lumbreras;0;0;0;0;0;0;0;0;
Mazarrón;18;7;7;7;7;7;0;0;
Águilas;5;5;7;7;7;5;0;0;
Fuente Álamo;0;0;0;0;0;0;0;0;
Cartagena;76;88;117;118;97;66;61;47;
La Unión;0;0;0;0;0;0;0;0;
Alcantarilla;15;17;14;12;8;7;5;5;
Torre-Pacheco;6;7;5;5;0;0;0;0;
San Javier;6;6;7;7;5;5;0;0;
San Pedro del Pinatar;7;7;5;5;0;0;0;0;
Los Alcázares;0;0;0;0;0;0;0;0;
Archena;9;10;10;10;0;5;5;0;
